{
  "hash": "4b742fdc",
  "configHash": "9e412d30",
  "lockfileHash": "9f4602d6",
  "browserHash": "5e973b2f",
  "optimized": {
    "@angular/common": {
      "src": "../../../../../../node_modules/@angular/common/fesm2022/common.mjs",
      "file": "@angular_common.js",
      "fileHash": "6a653f50",
      "needsInterop": false
    },
    "@angular/common/http": {
      "src": "../../../../../../node_modules/@angular/common/fesm2022/http.mjs",
      "file": "@angular_common_http.js",
      "fileHash": "fa12d9d0",
      "needsInterop": false
    },
    "@angular/core": {
      "src": "../../../../../../node_modules/@angular/core/fesm2022/core.mjs",
      "file": "@angular_core.js",
      "fileHash": "6df391fe",
      "needsInterop": false
    },
    "@angular/forms": {
      "src": "../../../../../../node_modules/@angular/forms/fesm2022/forms.mjs",
      "file": "@angular_forms.js",
      "fileHash": "71778e0b",
      "needsInterop": false
    },
    "@angular/platform-browser": {
      "src": "../../../../../../node_modules/@angular/platform-browser/fesm2022/platform-browser.mjs",
      "file": "@angular_platform-browser.js",
      "fileHash": "7d3aacb0",
      "needsInterop": false
    },
    "@angular/router": {
      "src": "../../../../../../node_modules/@angular/router/fesm2022/router.mjs",
      "file": "@angular_router.js",
      "fileHash": "e6924947",
      "needsInterop": false
    },
    "rxjs": {
      "src": "../../../../../../node_modules/rxjs/dist/esm5/index.js",
      "file": "rxjs.js",
      "fileHash": "a48ad790",
      "needsInterop": false
    }
  },
  "chunks": {
    "chunk-ZDBWKKBK": {
      "file": "chunk-ZDBWKKBK.js"
    },
    "chunk-3TFHFBEA": {
      "file": "chunk-3TFHFBEA.js"
    },
    "chunk-4IOCDZ3Z": {
      "file": "chunk-4IOCDZ3Z.js"
    },
    "chunk-VFBMMIM3": {
      "file": "chunk-VFBMMIM3.js"
    },
    "chunk-5TID76VL": {
      "file": "chunk-5TID76VL.js"
    }
  }
}